date,file_type,added,deleted,files_touched,commits
2026-02-16,markdown,19,4,2,1
2026-02-17,markdown,429,4,6,1
2026-02-20,markdown,45,8,6,1
2026-02-23,markdown,123,60,4,1
2026-02-24,markdown,27,5,2,1
2026-02-27,markdown,65,580,4,1
2026-02-28,markdown,178,6,4,2
2026-03-02,markdown,99,3,4,1
2026-03-24,markdown,65,9,3,1
2026-04-05,markdown,63,5,3,2
2026-04-16,markdown,21,20,3,1
2026-04-23,markdown,378,174,10,3
2026-04-27,markdown,2358,1541,9,1
2026-05-04,markdown,723,170,36,5
2026-05-05,markdown,49,8,4,2
2026-05-06,markdown,551,10,9,2
2026-05-11,markdown,426,45,15,1
2026-05-14,markdown,867,11,11,2
2026-05-15,markdown,807,68,16,2
2026-05-16,markdown,687,47,5,1
2026-05-16,other,22,0,1,2
2026-05-17,markdown,1473,3,9,1
2026-05-18,markdown,1887,70,12,3
2026-05-18,config,32,0,1,1
